{
  "stickers" : [
    {
      "filename" : "iOS 10 Sampler Icon.sticker"
    },
    {
      "filename" : "iOS 9 Sampler Icon.sticker"
    },
    {
      "filename" : "iOS 8 Sampler Icon.sticker"
    },
    {
      "filename" : "iOS 7 Sampler Icon.sticker"
    },
    {
      "filename" : "m2.sticker"
    },
    {
      "filename" : "m4.sticker"
    },
    {
      "filename" : "m5.sticker"
    },
    {
      "filename" : "m6.sticker"
    },
    {
      "filename" : "m7.sticker"
    },
    {
      "filename" : "m10.sticker"
    },
    {
      "filename" : "m13.sticker"
    },
    {
      "filename" : "m14.sticker"
    },
    {
      "filename" : "m15.sticker"
    },
    {
      "filename" : "m16.sticker"
    },
    {
      "filename" : "m18.sticker"
    },
    {
      "filename" : "m20.sticker"
    },
    {
      "filename" : "m21.sticker"
    },
    {
      "filename" : "m22.sticker"
    },
    {
      "filename" : "m23.sticker"
    },
    {
      "filename" : "m24.sticker"
    },
    {
      "filename" : "m28.sticker"
    },
    {
      "filename" : "m30.sticker"
    },
    {
      "filename" : "m31.sticker"
    },
    {
      "filename" : "m32.sticker"
    },
    {
      "filename" : "m36.sticker"
    },
    {
      "filename" : "m40.sticker"
    }
  ],
  "info" : {
    "version" : 1,
    "author" : "xcode"
  },
  "properties" : {
    "grid-size" : "regular"
  }
}